{"states": [0, 1, 2, 3, 4, 5, 6, 7, 8, 9, 10, 11, 12, 13, 14, 15, 16, 17, 18, 19, 20, 21, 22, 23, 24, 25, 26, 27, 28, 29, 30, 31, 32, 33, 34, 35, 36, 37, 38, 39, 40, 41, 42, 43, 44], "edges": [[0, 1, -1, -0.0], [1, 2, 3, 0.186233044], [1, 14, 9, 2.55371952], [1, 39, 5, 3.08679581], [1, 41, 8, 4.18384695], [1, 42, 4, 3.92184258], [1, 44, 7, 4.5156498], [2, 3, 3, 0.659022272], [2, 24, 5, 2.409621], [2, 6, 9, 1.6863302], [2, 4, 4, 2.08570504], [2, 22, 8, 3.47130799], [2, 15, 6, 4.1525445], [2, 17, 7, 3.79114509], [2, 16, 10, 4.26828051], [3, 4, 4, 2.30183339], [3, 3, 3, 1.3908633], [3, 6, 9, 1.45510602], [3, 16, 10, 1.94915807], [3, 24, 5, 1.86334372], [3, 15, 6, 3.25739193], [3, 22, 8, 3.19068074], [3, 17, 7, 3.38275862], [3, 40, 11, 5.02741146], [4, 5, 3, 0.637358367], [4, 19, 4, 1.6379081], [4, 32, 10, 2.62773752], [4, 37, 5, 2.99011922], [4, 38, 11, 5.24947548], [5, 16, 10, 2.33986807], [5, 24, 5, 1.85147035], [5, 4, 4, 0.724376023], [5, 40, 11, 5.18570185], [6, 7, 9, 1.72545385], [6, 8, 3, 0.397833884], [6, 9, 10, 3.08802295], [6, 20, 8, 3.34705424], [6, 43, 11, 6.17884588], [7, 9, 10, 1.10333037], [7, 7, 9, 0.91232419], [7, 43, 11, 3.72700357], [8, 6, 9, 0.574881315], [8, 16, 10, 2.31921124], [8, 24, 5, 2.31703496], [8, 40, 11, 5.42435837], [9, 11, 11, 0.758256257], [10, 8, 3, 0.0120233167], [11, 12, 1, -0.0], [12, 13, 1, -0.0], [14, 8, 3, 0.0686218292], [14, 7, 9, 3.58229709], [15, 23, 3, 0.665439963], [15, 30, 10, 3.04781961], [16, 11, 11, 0.860990107], [16, 10, 9, 2.21682286], [16, 34, 5, 2.27119207], [17, 18, 3, 0.664988518], [17, 35, 7, 1.40129709], [17, 36, 10, 2.96848845], [18, 16, 10, 2.5861752], [19, 5, 3, 0.685227692], [19, 32, 10, 2.13043737], [20, 31, 8, 0.455692947], [21, 22, 8, 0.834024847], [21, 16, 10, 2.16725206], [22, 21, 3, 0.563758254], [22, 26, 5, 2.02866721], [22, 29, 10, 1.91679096], [23, 16, 10, 2.12978339], [24, 25, 3, 0.451288849], [24, 28, 8, 2.88215828], [24, 33, 5, 2.98382115], [24, 27, 10, 2.98729515], [25, 16, 10, 1.79835296], [25, 24, 5, 0.643518448], [25, 40, 11, 4.77002764], [26, 27, 10, 1.59525967], [27, 11, 11, 0.644287586], [28, 31, 8, 0.876599312], [29, 11, 11, 1.07683587], [30, 11, 11, 0.652282953], [31, 29, 10, 0.795582771], [32, 11, 11, 0.890883923], [33, 27, 10, 1.72386682], [34, 25, 3, 0.0572111718], [35, 35, 7, 0.408034384], [35, 36, 10, 1.78469741], [36, 11, 11, 0.35419333], [37, 25, 3, 0.0474183932], [38, 12, 1, 0.00749067171], [39, 25, 3, 0.131747276], [40, 12, 1, -0.0], [41, 21, 3, 0.184508026], [42, 5, 3, 0.0956703871], [43, 12, 1, -0.0], [44, 18, 3, 0.259108692]]}